Date,Open,High,Low,Close,Adj Close,Volume
2017-01-01,963.658020,1003.080017,958.698975,998.325012,998.325012,147775008
2017-01-02,998.617004,1031.390015,996.702026,1021.750000,1021.750000,222184992
2017-01-03,1021.599976,1044.079956,1021.599976,1043.839966,1043.839966,185168000
2017-01-04,1044.400024,1159.420044,1044.400024,1154.729980,1154.729980,344945984
2017-01-05,1156.729980,1191.099976,910.416992,1013.380005,1013.380005,510199008
2017-01-06,1014.239990,1046.810059,883.943970,902.200989,902.200989,351876000
2017-01-07,903.487000,908.585022,823.556030,908.585022,908.585022,279550016
2017-01-08,908.174988,942.723999,887.249023,911.198975,911.198975,158715008
2017-01-09,913.244019,913.685974,879.807007,902.828003,902.828003,141876992
2017-01-10,902.440002,914.872986,901.059998,907.679016,907.679016,115808000
2017-01-11,908.114990,919.447998,762.765015,777.757019,777.757019,310928992
2017-01-12,775.177979,826.245972,755.755981,804.833984,804.833984,222326000
2017-01-13,803.737000,829.000977,780.002991,823.984009,823.984009,168968000
2017-01-14,825.142029,835.085022,812.455994,818.411987,818.411987,93063296
2017-01-15,818.142029,823.307007,812.870972,821.797974,821.797974,71013600
2017-01-16,821.783020,834.530029,820.270996,831.533997,831.533997,82755200
2017-01-17,830.945984,910.560974,830.796021,907.937988,907.937988,155095008
2017-01-18,909.372986,917.499023,858.304016,886.617981,886.617981,225676992
2017-01-19,888.335022,904.614014,884.338013,899.072998,899.072998,105625000
2017-01-20,898.171997,899.398010,887.007996,895.026001,895.026001,86728400
2017-01-21,895.549011,927.367004,895.534973,921.789001,921.789001,111158000
2017-01-22,922.205017,937.525024,897.564026,924.672974,924.672974,116573000
2017-01-23,925.499023,928.265991,916.737976,921.012024,921.012024,73588600
2017-01-24,910.677002,924.145020,892.286011,892.687012,892.687012,111349000
2017-01-25,891.924011,903.252014,891.687012,901.541992,901.541992,120831000
2017-01-26,902.395020,919.325989,902.223999,917.585999,917.585999,131958000
2017-01-27,918.359009,923.223022,915.846008,919.750000,919.750000,125594000
2017-01-28,919.810974,923.911011,919.810974,921.590027,921.590027,68979600
2017-01-29,922.067017,923.418030,919.148010,919.495972,919.495972,60851700
2017-01-30,920.151001,923.047974,919.473999,920.382019,920.382019,78227296
2017-01-31,920.958984,972.018982,920.958984,970.403015,970.403015,164582000
2017-02-01,970.940979,989.114014,970.742004,989.023010,989.023010,150110000
2017-02-02,990.000977,1013.520020,983.221008,1011.799988,1011.799988,145820992
2017-02-03,1011.460022,1033.869995,1008.789978,1029.910034,1029.910034,201278000
2017-02-04,1031.329956,1045.900024,1015.159973,1042.900024,1042.900024,155064000
2017-02-05,1043.520020,1043.630005,1022.369995,1027.339966,1027.339966,114208000
2017-02-06,1028.400024,1044.640015,1028.160034,1038.150024,1038.150024,111762000
2017-02-07,1040.140015,1061.930054,1040.140015,1061.349976,1061.349976,146007008
2017-02-08,1062.319946,1078.969971,1037.489990,1063.069946,1063.069946,201855008
2017-02-09,1064.699951,1088.989990,953.343994,994.382996,994.382996,407220000
2017-02-10,995.632019,998.905029,946.690979,988.674011,988.674011,190452000
2017-02-11,988.898010,1009.289978,982.830017,1004.450012,1004.450012,102261000
2017-02-12,1003.520020,1004.760010,996.921021,999.181030,999.181030,67530000
2017-02-13,998.885010,1002.099976,976.002014,990.642029,990.642029,100607000
2017-02-14,991.734985,1011.510010,986.471008,1004.549988,1004.549988,137946000
2017-02-15,1006.210022,1008.840027,1001.580017,1007.479980,1007.479980,89759400
2017-02-16,1007.650024,1033.369995,1007.650024,1027.439941,1027.439941,122277000
2017-02-17,1026.119995,1053.170044,1025.640015,1046.209961,1046.209961,136474000
2017-02-18,1049.209961,1061.099976,1046.959961,1054.420044,1054.420044,99073504
2017-02-19,1054.760010,1056.810059,1043.459961,1047.869995,1047.869995,77423296
2017-02-20,1048.689941,1080.489990,1041.689941,1079.979980,1079.979980,109478000
2017-02-21,1079.280029,1117.250000,1076.930054,1115.300049,1115.300049,186868992
2017-02-22,1114.800049,1125.390015,1100.550049,1117.439941,1117.439941,136100000
2017-02-23,1117.270020,1176.619995,1116.959961,1166.719971,1166.719971,189454000
2017-02-24,1172.709961,1200.390015,1131.959961,1173.680054,1173.680054,330759008
2017-02-25,1170.410034,1174.849976,1124.589966,1143.839966,1143.839966,139960992
2017-02-26,1144.270020,1167.469971,1130.199951,1165.199951,1165.199951,116486000
2017-02-27,1163.780029,1181.979980,1163.380005,1179.969971,1179.969971,131570000
2017-02-28,1180.719971,1193.250000,1171.819946,1179.969971,1179.969971,184956000
2017-03-01,1180.040039,1222.500000,1179.689941,1222.500000,1222.500000,229056992
2017-03-02,1224.680054,1262.130005,1215.619995,1251.010010,1251.010010,368275008
2017-03-03,1250.709961,1280.310059,1250.709961,1274.989990,1274.989990,315739008
2017-03-04,1277.430054,1279.400024,1230.510010,1255.150024,1255.150024,183270000
2017-03-05,1254.290039,1267.290039,1238.060059,1267.119995,1267.119995,134127000
2017-03-06,1267.469971,1276.000000,1264.599976,1272.829956,1272.829956,153656992
2017-03-07,1273.209961,1275.550049,1204.800049,1223.540039,1223.540039,291256000
2017-03-08,1223.229980,1232.160034,1148.079956,1150.000000,1150.000000,332603008
2017-03-09,1150.349976,1197.459961,1141.229980,1188.489990,1188.489990,212283008
2017-03-10,1189.359985,1270.469971,1077.250000,1116.719971,1116.719971,563795968
2017-03-11,1116.319946,1193.829956,1116.319946,1175.829956,1175.829956,283320000
2017-03-12,1176.619995,1226.979980,1175.359985,1221.380005,1221.380005,227176000
2017-03-13,1221.780029,1237.369995,1217.030029,1231.920044,1231.920044,380276992
2017-03-14,1232.160034,1244.810059,1220.719971,1240.000000,1240.000000,245306000
2017-03-15,1240.160034,1251.609985,1239.750000,1249.609985,1249.609985,297804992
2017-03-16,1251.329956,1257.979980,1152.439941,1187.810059,1187.810059,638568000
2017-03-17,1180.160034,1180.160034,1099.569946,1100.229980,1100.229980,706598976
2017-03-18,1099.689941,1114.069946,957.655029,973.817993,973.817993,621302016
2017-03-19,976.729980,1069.910034,976.729980,1036.739990,1036.739990,406648000
2017-03-20,1037.239990,1063.030029,1036.680054,1054.229980,1054.229980,286529984
2017-03-21,1055.359985,1122.430054,1055.359985,1120.540039,1120.540039,337391008
2017-03-22,1120.650024,1120.650024,1014.210022,1049.140015,1049.140015,380840992
2017-03-23,1050.050049,1058.010010,1028.930054,1038.589966,1038.589966,248540000
2017-03-24,1038.449951,1040.469971,934.357971,937.520020,937.520020,491038016
2017-03-25,936.539978,975.760986,903.713013,972.778992,972.778992,435803008
2017-03-26,974.015015,1007.960022,954.185974,966.724976,966.724976,303668000
2017-03-27,972.054993,1046.400024,971.984009,1045.770020,1045.770020,372535008
2017-03-28,1044.579956,1064.650024,1027.729980,1047.150024,1047.150024,326332000
2017-03-29,1046.079956,1055.130005,1015.880005,1039.969971,1039.969971,298457984
2017-03-30,1042.209961,1049.290039,1020.039978,1026.430054,1026.430054,352968992
2017-03-31,1026.640015,1074.920044,1026.640015,1071.790039,1071.790039,447287008
2017-04-01,1071.709961,1091.719971,1061.089966,1080.500000,1080.500000,289633984
2017-04-02,1080.609985,1107.589966,1075.449951,1102.170044,1102.170044,514187008
2017-04-03,1102.949951,1151.739990,1102.949951,1143.810059,1143.810059,580444032
2017-04-04,1145.520020,1156.439941,1120.520020,1133.250000,1133.250000,436310016
2017-04-05,1134.140015,1135.089966,1113.630005,1124.780029,1124.780029,414784000
2017-04-06,1125.810059,1188.369995,1125.810059,1182.680054,1182.680054,511222016
2017-04-07,1178.939941,1186.579956,1163.390015,1176.900024,1176.900024,317022016
2017-04-08,1172.650024,1184.979980,1162.579956,1175.949951,1175.949951,209312000
2017-04-09,1176.569946,1197.209961,1171.859985,1187.869995,1187.869995,242343008
2017-04-10,1187.300049,1190.339966,1179.040039,1187.130005,1187.130005,215883008
2017-04-11,1187.459961,1208.069946,1187.459961,1205.010010,1205.010010,216182000
2017-04-12,1204.810059,1207.140015,1196.760010,1200.369995,1200.369995,288702016
2017-04-13,1201.020020,1205.890015,1156.439941,1169.280029,1169.280029,351968992
2017-04-14,1170.329956,1190.800049,1159.790039,1167.540039,1167.540039,254827008
2017-04-15,1167.300049,1188.000000,1164.959961,1172.520020,1172.520020,203559008
2017-04-16,1172.609985,1187.219971,1172.609985,1182.939941,1182.939941,183231008
2017-04-17,1183.250000,1194.900024,1172.650024,1193.910034,1193.910034,253206000
2017-04-18,1193.770020,1217.569946,1193.770020,1211.670044,1211.670044,270524000
2017-04-19,1212.130005,1215.510010,1205.079956,1210.290039,1210.290039,288060992
2017-04-20,1211.079956,1240.790039,1208.410034,1229.079956,1229.079956,315108000
2017-04-21,1229.420044,1235.939941,1215.560059,1222.050049,1222.050049,272167008
2017-04-22,1222.709961,1235.560059,1208.469971,1231.709961,1231.709961,249320000
2017-04-23,1231.920044,1232.199951,1203.939941,1207.209961,1207.209961,258951008
2017-04-24,1209.630005,1250.939941,1209.630005,1250.150024,1250.150024,235806000
2017-04-25,1250.449951,1267.579956,1249.969971,1265.489990,1265.489990,242556000
2017-04-26,1265.989990,1294.829956,1265.930054,1281.079956,1281.079956,329631008
2017-04-27,1281.880005,1319.699951,1281.300049,1317.729980,1317.729980,449196992
2017-04-28,1317.739990,1331.280029,1292.369995,1316.479980,1316.479980,527488992
2017-04-29,1317.839966,1327.199951,1315.209961,1321.790039,1321.790039,422705984
2017-04-30,1321.869995,1347.910034,1314.920044,1347.890015,1347.890015,413115008
2017-05-01,1348.300049,1434.319946,1348.300049,1421.599976,1421.599976,713624000
2017-05-02,1421.030029,1473.900024,1415.689941,1452.819946,1452.819946,477337984
2017-05-03,1453.780029,1492.770020,1447.489990,1490.089966,1490.089966,583795968
2017-05-04,1490.719971,1608.910034,1490.719971,1537.670044,1537.670044,933548992
2017-05-05,1540.869995,1618.030029,1530.310059,1555.449951,1555.449951,946035968
2017-05-06,1556.810059,1578.800049,1542.500000,1578.800049,1578.800049,582529984
2017-05-07,1579.469971,1596.719971,1559.760010,1596.709961,1596.709961,1080029952
2017-05-08,1596.920044,1723.349976,1596.920044,1723.349976,1723.349976,1340320000
2017-05-09,1723.890015,1833.489990,1716.300049,1755.359985,1755.359985,1167920000
2017-05-10,1756.520020,1788.439941,1719.099976,1787.130005,1787.130005,915723008
2017-05-11,1780.369995,1873.930054,1755.349976,1848.569946,1848.569946,799489984
2017-05-12,1845.760010,1856.150024,1694.010010,1724.239990,1724.239990,740984000
2017-05-13,1723.119995,1812.989990,1651.079956,1804.910034,1804.910034,579635008
2017-05-14,1800.859985,1831.420044,1776.619995,1808.910034,1808.910034,437196000
2017-05-15,1808.439941,1812.800049,1708.540039,1738.430054,1738.430054,731529024
2017-05-16,1741.699951,1785.939941,1686.540039,1734.449951,1734.449951,959044992
2017-05-17,1726.729980,1864.050049,1661.910034,1839.089966,1839.089966,1064729984
2017-05-18,1818.699951,1904.479980,1807.119995,1888.650024,1888.650024,894321024
2017-05-19,1897.369995,2004.520020,1890.250000,1987.709961,1987.709961,1157289984
2017-05-20,1984.239990,2084.729980,1974.920044,2084.729980,2084.729980,961336000
2017-05-21,2067.030029,2119.080078,2037.500000,2041.199951,2041.199951,1147859968
2017-05-22,2043.189941,2303.899902,2017.869995,2173.399902,2173.399902,1942220032
2017-05-23,2191.560059,2320.820068,2178.500000,2320.419922,2320.419922,1378749952
2017-05-24,2321.370117,2523.719971,2321.370117,2443.639893,2443.639893,1725379968
2017-05-25,2446.239990,2763.709961,2285.300049,2304.979980,2304.979980,2406700032
2017-05-26,2320.889893,2573.790039,2071.989990,2202.419922,2202.419922,1763480064
2017-05-27,2196.270020,2260.199951,1855.829956,2038.869995,2038.869995,1700480000
2017-05-28,2054.080078,2267.340088,2054.080078,2155.800049,2155.800049,1147139968
2017-05-29,2159.429932,2307.050049,2107.169922,2255.610107,2255.610107,994625024
2017-05-30,2255.360107,2301.959961,2124.570068,2175.469971,2175.469971,1443970048
2017-05-31,2187.189941,2311.080078,2145.570068,2286.409912,2286.409912,1544829952
2017-06-01,2288.330078,2448.389893,2288.330078,2407.879883,2407.879883,1653180032
2017-06-02,2404.030029,2488.550049,2373.320068,2488.550049,2488.550049,1317030016
2017-06-03,2493.719971,2581.909912,2423.570068,2515.350098,2515.350098,1514950016
2017-06-04,2547.790039,2585.889893,2452.540039,2511.810059,2511.810059,1355120000
2017-06-05,2512.399902,2686.810059,2510.219971,2686.810059,2686.810059,1369309952
2017-06-06,2690.840088,2999.909912,2690.840088,2863.199951,2863.199951,2089609984
2017-06-07,2869.379883,2869.379883,2700.560059,2732.159912,2732.159912,1517709952
2017-06-08,2720.489990,2815.300049,2670.949951,2805.620117,2805.620117,1281170048
2017-06-09,2807.439941,2901.709961,2795.620117,2823.810059,2823.810059,1348950016
2017-06-10,2828.139893,2950.989990,2746.550049,2947.709961,2947.709961,2018889984
2017-06-11,2942.409912,2996.600098,2840.530029,2958.110107,2958.110107,1752400000
2017-06-12,2953.219971,2997.260010,2518.560059,2659.629883,2659.629883,2569530112
2017-06-13,2680.909912,2789.040039,2650.379883,2717.020020,2717.020020,1781200000
2017-06-14,2716.879883,2786.830078,2412.939941,2506.370117,2506.370117,1696560000
2017-06-15,2499.580078,2534.709961,2212.959961,2464.580078,2464.580078,2026259968
2017-06-16,2469.570068,2539.919922,2385.149902,2518.560059,2518.560059,1195190016
2017-06-17,2514.010010,2685.189941,2484.959961,2655.879883,2655.879883,1534509952
2017-06-18,2655.350098,2662.100098,2516.330078,2548.290039,2548.290039,1178659968
2017-06-19,2549.030029,2662.850098,2549.030029,2589.600098,2589.600098,1446840064
2017-06-20,2591.260010,2763.449951,2589.820068,2721.790039,2721.790039,1854189952
2017-06-21,2709.429932,2772.010010,2660.399902,2689.100098,2689.100098,1626579968
2017-06-22,2691.030029,2723.739990,2642.360107,2705.409912,2705.409912,1097939968
2017-06-23,2707.340088,2765.169922,2706.370117,2744.909912,2744.909912,961318976
2017-06-24,2738.520020,2757.939941,2583.189941,2608.719971,2608.719971,982750016
2017-06-25,2607.250000,2682.260010,2552.120117,2589.409912,2589.409912,1161100032
2017-06-26,2590.570068,2615.250000,2376.290039,2478.449951,2478.449951,1663280000
2017-06-27,2478.449951,2552.449951,2332.989990,2552.449951,2552.449951,1489789952
2017-06-28,2553.030029,2603.979980,2484.419922,2574.790039,2574.790039,1183869952
2017-06-29,2567.560059,2588.830078,2510.479980,2539.320068,2539.320068,949979008
2017-06-30,2539.239990,2559.250000,2478.429932,2480.840088,2480.840088,860273024
2017-07-01,2492.600098,2515.270020,2419.229980,2434.550049,2434.550049,779913984
2017-07-02,2436.399902,2514.280029,2394.840088,2506.469971,2506.469971,803747008
2017-07-03,2498.560059,2595.000000,2480.469971,2564.060059,2564.060059,964112000
2017-07-04,2561.000000,2631.590088,2559.350098,2601.639893,2601.639893,985516032
2017-07-05,2602.870117,2622.649902,2538.550049,2601.989990,2601.989990,941566016
2017-07-06,2608.100098,2616.719971,2581.689941,2608.560059,2608.560059,761956992
2017-07-07,2608.590088,2916.139893,2498.870117,2518.659912,2518.659912,917411968
2017-07-08,2520.270020,2571.340088,2492.310059,2571.340088,2571.340088,733329984
2017-07-09,2572.610107,2635.489990,2517.590088,2518.439941,2518.439941,527856000
2017-07-10,2525.250000,2537.159912,2321.129883,2372.560059,2372.560059,1111200000
2017-07-11,2385.889893,2413.469971,2296.810059,2337.790039,2337.790039,1329760000
2017-07-12,2332.770020,2423.709961,2275.139893,2398.840088,2398.840088,1117410048
2017-07-13,2402.699951,2425.219971,2340.830078,2357.899902,2357.899902,835769984
2017-07-14,2360.590088,2363.250000,2183.219971,2233.340088,2233.340088,882502976
2017-07-15,2230.120117,2231.139893,1990.410034,1998.859985,1998.859985,993608000
2017-07-16,1991.979980,2058.770020,1843.030029,1929.819946,1929.819946,1182870016
2017-07-17,1932.619995,2230.489990,1932.619995,2228.409912,2228.409912,1201760000
2017-07-18,2233.520020,2387.610107,2164.770020,2318.879883,2318.879883,1512450048
2017-07-19,2323.080078,2397.169922,2260.229980,2273.429932,2273.429932,1245100032
2017-07-20,2269.889893,2900.699951,2269.889893,2817.600098,2817.600098,2249260032
2017-07-21,2838.409912,2838.409912,2621.850098,2667.760010,2667.760010,1489449984
2017-07-22,2668.629883,2862.419922,2657.709961,2810.120117,2810.120117,1177129984
2017-07-23,2808.100098,2832.179932,2653.939941,2730.399902,2730.399902,1072840000
2017-07-24,2732.699951,2777.260010,2699.189941,2754.860107,2754.860107,866473984
2017-07-25,2757.500000,2768.080078,2480.959961,2576.479980,2576.479980,1460089984
2017-07-26,2577.770020,2610.760010,2450.800049,2529.449951,2529.449951,937404032
2017-07-27,2538.709961,2693.320068,2529.340088,2671.780029,2671.780029,789104000
2017-07-28,2679.729980,2897.449951,2679.729980,2809.010010,2809.010010,1380099968
2017-07-29,2807.020020,2808.760010,2692.800049,2726.449951,2726.449951,803745984
2017-07-30,2724.389893,2758.530029,2644.850098,2757.179932,2757.179932,705942976
2017-07-31,2763.239990,2889.620117,2720.610107,2875.340088,2875.340088,860574976
2017-08-01,2871.300049,2921.350098,2685.610107,2718.260010,2718.260010,1324669952
2017-08-02,2727.129883,2762.530029,2668.590088,2710.669922,2710.669922,1094950016
2017-08-03,2709.560059,2813.310059,2685.139893,2804.729980,2804.729980,804796992
2017-08-04,2806.929932,2899.330078,2743.719971,2895.889893,2895.889893,1002120000
2017-08-05,2897.629883,3290.010010,2874.830078,3252.909912,3252.909912,1945699968
2017-08-06,3257.610107,3293.290039,3155.600098,3213.939941,3213.939941,1105030016
2017-08-07,3212.780029,3397.679932,3180.889893,3378.939941,3378.939941,1482279936
2017-08-08,3370.219971,3484.850098,3345.830078,3419.939941,3419.939941,1752760064
2017-08-09,3420.399902,3422.760010,3247.669922,3342.469971,3342.469971,1468960000
2017-08-10,3341.840088,3453.449951,3319.469971,3381.280029,3381.280029,1515110016
2017-08-11,3373.820068,3679.719971,3372.120117,3650.620117,3650.620117,2021190016
2017-08-12,3650.629883,3949.919922,3613.699951,3884.709961,3884.709961,2219589888
2017-08-13,3880.040039,4208.390137,3857.800049,4073.260010,4073.260010,3159089920
2017-08-14,4066.100098,4325.129883,3989.159912,4325.129883,4325.129883,2463089920
2017-08-15,4326.990234,4455.970215,3906.179932,4181.930176,4181.930176,3258050048
2017-08-16,4200.339844,4381.229980,3994.419922,4376.629883,4376.629883,2272039936
2017-08-17,4384.439941,4484.700195,4243.709961,4331.689941,4331.689941,2553359872
2017-08-18,4324.339844,4370.129883,4015.399902,4160.620117,4160.620117,2941710080
2017-08-19,4137.750000,4243.259766,3970.550049,4193.700195,4193.700195,2975820032
2017-08-20,4189.310059,4196.290039,4069.879883,4087.659912,4087.659912,2109769984
2017-08-21,4090.479980,4109.140137,3988.600098,4001.739990,4001.739990,2800890112
2017-08-22,3998.350098,4128.759766,3674.580078,4100.520020,4100.520020,3764239872
2017-08-23,4089.010010,4255.779785,4078.409912,4151.520020,4151.520020,2369819904
2017-08-24,4137.600098,4376.390137,4130.259766,4334.680176,4334.680176,2037750016
2017-08-25,4332.819824,4455.700195,4307.350098,4371.600098,4371.600098,1727970048
2017-08-26,4372.060059,4379.279785,4269.520020,4352.399902,4352.399902,1511609984
2017-08-27,4345.100098,4416.589844,4317.290039,4382.879883,4382.879883,1537459968
2017-08-28,4384.450195,4403.930176,4224.640137,4382.660156,4382.660156,1959330048
2017-08-29,4389.209961,4625.680176,4352.129883,4579.020020,4579.020020,2486080000
2017-08-30,4570.359863,4626.520020,4471.410156,4565.299805,4565.299805,1937849984
2017-08-31,4555.589844,4736.049805,4549.399902,4703.390137,4703.390137,1944930048
2017-09-01,4701.759766,4892.009766,4678.529785,4892.009766,4892.009766,2599079936
2017-09-02,4901.419922,4975.040039,4469.240234,4578.770020,4578.770020,2722139904
2017-09-03,4585.270020,4714.080078,4417.589844,4582.959961,4582.959961,1933190016
2017-09-04,4591.629883,4591.629883,4108.399902,4236.310059,4236.310059,2987330048
2017-09-05,4228.290039,4427.839844,3998.110107,4376.529785,4376.529785,2697969920
2017-09-06,4376.589844,4617.250000,4376.589844,4597.120117,4597.120117,2172100096
2017-09-07,4589.140137,4655.040039,4491.330078,4599.879883,4599.879883,1844620032
2017-09-08,4605.160156,4661.000000,4075.179932,4228.750000,4228.750000,2700890112
2017-09-09,4229.810059,4308.819824,4114.109863,4226.060059,4226.060059,1386230016
2017-09-10,4229.339844,4245.439941,3951.040039,4122.939941,4122.939941,1679090048
2017-09-11,4122.470215,4261.669922,4099.399902,4161.270020,4161.270020,1557330048
2017-09-12,4168.879883,4344.649902,4085.219971,4130.810059,4130.810059,1864530048
2017-09-13,4131.979980,4131.979980,3789.919922,3882.590088,3882.590088,2219409920
2017-09-14,3875.370117,3920.600098,3153.860107,3154.949951,3154.949951,2716310016
2017-09-15,3166.300049,3733.449951,2946.620117,3637.520020,3637.520020,4148069888
2017-09-16,3637.750000,3808.840088,3487.790039,3625.040039,3625.040039,1818400000
2017-09-17,3606.280029,3664.810059,3445.639893,3582.879883,3582.879883,1239149952
2017-09-18,3591.090088,4079.229980,3591.090088,4065.199951,4065.199951,1943209984
2017-09-19,4073.790039,4094.070068,3868.870117,3924.969971,3924.969971,1563980032
2017-09-20,3916.360107,4031.389893,3857.729980,3905.949951,3905.949951,1213830016
2017-09-21,3901.469971,3916.419922,3613.629883,3631.040039,3631.040039,1411480064
2017-09-22,3628.020020,3758.270020,3553.530029,3630.699951,3630.699951,1194829952
2017-09-23,3629.919922,3819.209961,3594.580078,3792.399902,3792.399902,928113984
2017-09-24,3796.149902,3796.149902,3666.899902,3682.840088,3682.840088,768014976
2017-09-25,3681.580078,3950.250000,3681.580078,3926.070068,3926.070068,1374210048
2017-09-26,3928.409912,3969.889893,3869.899902,3892.350098,3892.350098,1043740032
2017-09-27,3892.939941,4210.049805,3884.820068,4200.669922,4200.669922,1686880000
2017-09-28,4197.129883,4279.310059,4109.700195,4174.729980,4174.729980,1712320000
2017-09-29,4171.620117,4214.629883,4039.290039,4163.069824,4163.069824,1367049984
2017-09-30,4166.109863,4358.430176,4160.859863,4338.709961,4338.709961,1207449984
2017-10-01,4341.049805,4403.740234,4269.810059,4403.740234,4403.740234,1208210048
2017-10-02,4395.810059,4470.229980,4377.459961,4409.319824,4409.319824,1431730048
2017-10-03,4408.459961,4432.470215,4258.890137,4317.479980,4317.479980,1288019968
2017-10-04,4319.370117,4352.310059,4210.419922,4229.359863,4229.359863,1116770048
2017-10-05,4229.879883,4362.640137,4164.049805,4328.410156,4328.410156,1161769984
2017-10-06,4324.459961,4413.270020,4320.529785,4370.810059,4370.810059,1069939968
2017-10-07,4369.350098,4443.879883,4321.049805,4426.890137,4426.890137,906928000
2017-10-08,4429.669922,4624.140137,4405.640137,4610.479980,4610.479980,1313869952
2017-10-09,4614.520020,4878.709961,4564.250000,4772.020020,4772.020020,1968739968
2017-10-10,4776.209961,4922.169922,4765.100098,4781.990234,4781.990234,1597139968
2017-10-11,4789.250000,4873.729980,4751.629883,4826.479980,4826.479980,1222279936
2017-10-12,4829.580078,5446.910156,4822.000000,5446.910156,5446.910156,2791610112
2017-10-13,5464.160156,5840.299805,5436.850098,5647.209961,5647.209961,3615480064
2017-10-14,5643.529785,5837.700195,5591.640137,5831.790039,5831.790039,1669030016
2017-10-15,5835.959961,5852.479980,5478.609863,5678.189941,5678.189941,1976039936
2017-10-16,5687.569824,5776.229980,5544.209961,5725.589844,5725.589844,2008070016
2017-10-17,5741.580078,5800.350098,5472.720215,5605.509766,5605.509766,1821570048
2017-10-18,5603.819824,5603.819824,5151.439941,5590.689941,5590.689941,2399269888
2017-10-19,5583.740234,5744.350098,5531.060059,5708.520020,5708.520020,1780540032
2017-10-20,5708.109863,6060.109863,5627.229980,6011.450195,6011.450195,2354429952
2017-10-21,5996.790039,6194.879883,5965.069824,6031.600098,6031.600098,2207099904
2017-10-22,6036.660156,6076.259766,5792.339844,6008.419922,6008.419922,2034630016
2017-10-23,6006.000000,6075.589844,5732.470215,5930.319824,5930.319824,2401840128
2017-10-24,5935.520020,5935.520020,5504.180176,5526.640137,5526.640137,2735699968
2017-10-25,5524.600098,5754.330078,5397.879883,5750.799805,5750.799805,1966989952
2017-10-26,5747.950195,5976.799805,5721.220215,5904.830078,5904.830078,1905040000
2017-10-27,5899.740234,5988.390137,5728.819824,5780.899902,5780.899902,1710130048
2017-10-28,5787.819824,5876.720215,5689.189941,5753.089844,5753.089844,1403920000
2017-10-29,5754.439941,6255.709961,5724.580078,6153.850098,6153.850098,2859040000
2017-10-30,6114.850098,6214.990234,6040.850098,6130.529785,6130.529785,1772150016
2017-10-31,6132.020020,6470.430176,6103.330078,6468.399902,6468.399902,2311379968
2017-11-01,6440.970215,6767.310059,6377.879883,6767.310059,6767.310059,2870320128
2017-11-02,6777.770020,7367.330078,6758.720215,7078.500000,7078.500000,4653770240
2017-11-03,7087.529785,7461.290039,7002.939941,7207.759766,7207.759766,3369860096
2017-11-04,7164.479980,7492.859863,7031.279785,7379.950195,7379.950195,2483800064
2017-11-05,7404.520020,7617.479980,7333.189941,7407.410156,7407.410156,2380410112
2017-11-06,7403.220215,7445.770020,7007.310059,7022.759766,7022.759766,3111899904
2017-11-07,7023.100098,7253.319824,7023.100098,7144.379883,7144.379883,2326340096
2017-11-08,7141.379883,7776.419922,7114.020020,7459.689941,7459.689941,4602200064
2017-11-09,7446.830078,7446.830078,7101.520020,7143.580078,7143.580078,3226249984
2017-11-10,7173.729980,7312.000000,6436.870117,6618.140137,6618.140137,5208249856
2017-11-11,6618.609863,6873.149902,6204.220215,6357.600098,6357.600098,4908680192
2017-11-12,6295.450195,6625.049805,5519.009766,5950.069824,5950.069824,8957349888
2017-11-13,5938.250000,6811.189941,5844.290039,6559.490234,6559.490234,6263249920
2017-11-14,6561.479980,6764.979980,6461.750000,6635.750000,6635.750000,3197110016
2017-11-15,6634.759766,7342.250000,6634.759766,7315.540039,7315.540039,4200880128
2017-11-16,7323.240234,7967.379883,7176.580078,7871.689941,7871.689941,5123809792
2017-11-17,7853.569824,8004.589844,7561.089844,7708.990234,7708.990234,4651670016
2017-11-18,7697.209961,7884.990234,7463.439941,7790.149902,7790.149902,3667190016
2017-11-19,7766.029785,8101.910156,7694.100098,8036.490234,8036.490234,3149319936
2017-11-20,8039.069824,8336.860352,7949.359863,8200.639648,8200.639648,3488450048
2017-11-21,8205.740234,8348.660156,7762.709961,8071.259766,8071.259766,4277609984
2017-11-22,8077.950195,8302.259766,8075.470215,8253.549805,8253.549805,3633530112
2017-11-23,8232.379883,8267.400391,8038.770020,8038.770020,8038.770020,4225179904
2017-11-24,8074.020020,8374.160156,7940.930176,8253.690430,8253.690430,5058610176
2017-11-25,8241.709961,8790.919922,8191.149902,8790.919922,8790.919922,4342060032
2017-11-26,8789.040039,9522.929688,8775.589844,9330.549805,9330.549805,5475579904
2017-11-27,9352.719727,9818.349609,9352.719727,9818.349609,9818.349609,5653320192
2017-11-28,9823.429688,10125.700195,9736.299805,10058.799805,10058.799805,6348819968
2017-11-29,10077.400391,11517.400391,9601.030273,9888.610352,9888.610352,11568799744
2017-11-30,9906.790039,10801.000000,9202.049805,10233.599609,10233.599609,8310689792
2017-12-01,10198.599609,11046.700195,9694.650391,10975.599609,10975.599609,6783119872
2017-12-02,10978.299805,11320.200195,10905.099609,11074.599609,11074.599609,5138500096
2017-12-03,11082.700195,11858.700195,10862.000000,11323.200195,11323.200195,6608309760
2017-12-04,11315.400391,11657.200195,11081.799805,11657.200195,11657.200195,6132409856
2017-12-05,11685.700195,12032.000000,11604.599609,11916.700195,11916.700195,6895260160
2017-12-06,11923.400391,14369.099609,11923.400391,14291.500000,14291.500000,12656300032
2017-12-07,14266.099609,17899.699219,14057.299805,17899.699219,17899.699219,17950699520
2017-12-08,17802.900391,18353.400391,14336.900391,16569.400391,16569.400391,21135998976
2017-12-09,16523.300781,16783.000000,13674.900391,15178.200195,15178.200195,13911300096
2017-12-10,15168.400391,15850.599609,13226.599609,15455.400391,15455.400391,13433299968
2017-12-11,15427.400391,17513.900391,15404.799805,16936.800781,16936.800781,12153900032
2017-12-12,16919.800781,17781.800781,16571.599609,17415.400391,17415.400391,14603799552
2017-12-13,17500.000000,17653.099609,16039.700195,16408.199219,16408.199219,12976900096
2017-12-14,16384.599609,17085.800781,16185.900391,16564.000000,16564.000000,13777399808
2017-12-15,16601.300781,18154.099609,16601.300781,17706.900391,17706.900391,14309999616
2017-12-16,17760.300781,19716.699219,17515.300781,19497.400391,19497.400391,12740599808
2017-12-17,19475.800781,20089.000000,18974.099609,19140.800781,19140.800781,13314599936
2017-12-18,19106.400391,19371.000000,18355.900391,19114.199219,19114.199219,14839499776
2017-12-19,19118.300781,19177.800781,17275.400391,17776.699219,17776.699219,16894499840
2017-12-20,17760.300781,17934.699219,16077.700195,16624.599609,16624.599609,22149699584
2017-12-21,16642.400391,17567.699219,15342.700195,15802.900391,15802.900391,16516599808
2017-12-22,15898.000000,15943.400391,11833.000000,13831.799805,13831.799805,22197999616
2017-12-23,13948.700195,15603.200195,13828.799805,14699.200195,14699.200195,13086000128
2017-12-24,14608.200195,14626.000000,12747.700195,13925.799805,13925.799805,11572299776
2017-12-25,13995.900391,14593.000000,13448.900391,14026.599609,14026.599609,10664699904
2017-12-26,14036.599609,16461.199219,14028.900391,16099.799805,16099.799805,13454300160
2017-12-27,16163.500000,16930.900391,15114.299805,15838.500000,15838.500000,12487600128
2017-12-28,15864.099609,15888.400391,13937.299805,14606.500000,14606.500000,12336499712
2017-12-29,14695.799805,15279.000000,14307.000000,14656.200195,14656.200195,13025500160
2017-12-30,14681.900391,14681.900391,12350.099609,12952.200195,12952.200195,14452599808
2017-12-31,12897.700195,14377.400391,12755.599609,14156.400391,14156.400391,12136299520
2018-01-01,14112.200195,14112.200195,13154.700195,13657.200195,13657.200195,10291200000
2018-01-02,13625.000000,15444.599609,13163.599609,14982.099609,14982.099609,16846600192
2018-01-03,14978.200195,15572.799805,14844.500000,15201.000000,15201.000000,16871900160
2018-01-04,15270.700195,15739.700195,14522.200195,15599.200195,15599.200195,21783199744
2018-01-05,15477.200195,17705.199219,15202.799805,17429.500000,17429.500000,23840899072
2018-01-06,17462.099609,17712.400391,16764.599609,17527.000000,17527.000000,18314600448
2018-01-07,17527.300781,17579.599609,16087.700195,16477.599609,16477.599609,15866000384
2018-01-08,16476.199219,16537.900391,14208.200195,15170.099609,15170.099609,18413899776
2018-01-09,15123.700195,15497.500000,14424.000000,14595.400391,14595.400391,16659999744
2018-01-10,14588.500000,14973.299805,13691.200195,14973.299805,14973.299805,18500800512
2018-01-11,14968.200195,15018.799805,13105.900391,13405.799805,13405.799805,16534099968
2018-01-12,13453.900391,14229.900391,13158.099609,13980.599609,13980.599609,12065699840
2018-01-13,13952.400391,14659.500000,13952.400391,14360.200195,14360.200195,12763599872
2018-01-14,14370.799805,14511.799805,13268.000000,13772.000000,13772.000000,11084099584
2018-01-15,13767.299805,14445.500000,13641.700195,13819.799805,13819.799805,12750799872
2018-01-16,13836.099609,13843.099609,10194.900391,11490.500000,11490.500000,18853799936
2018-01-17,11431.099609,11678.000000,9402.290039,11188.599609,11188.599609,18830600192
2018-01-18,11198.799805,12107.299805,10942.500000,11474.900391,11474.900391,15020399616
2018-01-19,11429.799805,11992.799805,11172.099609,11607.400391,11607.400391,10740400128
2018-01-20,11656.200195,13103.000000,11656.200195,12899.200195,12899.200195,11801700352
2018-01-21,12889.200195,12895.900391,11288.200195,11600.099609,11600.099609,9935179776
2018-01-22,11633.099609,11966.400391,10240.200195,10931.400391,10931.400391,10537400320
2018-01-23,10944.500000,11377.599609,10129.700195,10868.400391,10868.400391,9660609536
2018-01-24,10903.400391,11501.400391,10639.799805,11359.400391,11359.400391,9940989952
2018-01-25,11421.700195,11785.700195,11057.400391,11259.400391,11259.400391,8873169920
2018-01-26,11256.000000,11656.700195,10470.299805,11171.400391,11171.400391,9746199552
2018-01-27,11174.900391,11614.900391,10989.200195,11440.700195,11440.700195,7583269888
2018-01-28,11475.299805,12040.299805,11475.299805,11786.299805,11786.299805,8350360064
2018-01-29,11755.500000,11875.599609,11179.200195,11296.400391,11296.400391,7107359744
2018-01-30,11306.799805,11307.200195,10036.200195,10106.299805,10106.299805,8637859840
2018-01-31,10108.200195,10381.599609,9777.419922,10221.099609,10221.099609,8041160192
2018-02-01,10237.299805,10288.799805,8812.280273,9170.540039,9170.540039,9959400448
2018-02-02,9142.280273,9142.280273,7796.490234,8830.750000,8830.750000,12726899712
2018-02-03,8852.120117,9430.750000,8251.629883,9174.910156,9174.910156,7263790080
2018-02-04,9175.700195,9334.870117,8031.220215,8277.009766,8277.009766,7073549824
2018-02-05,8270.540039,8364.839844,6756.680176,6955.270020,6955.270020,9285289984
2018-02-06,7051.750000,7850.700195,6048.259766,7754.000000,7754.000000,13999800320
2018-02-07,7755.490234,8509.110352,7236.790039,7621.299805,7621.299805,9169280000
2018-02-08,7637.859863,8558.769531,7637.859863,8265.589844,8265.589844,9346750464
2018-02-09,8271.839844,8736.980469,7884.709961,8736.980469,8736.980469,6784820224
2018-02-10,8720.080078,9122.549805,8295.469727,8621.900391,8621.900391,7780960256
2018-02-11,8616.129883,8616.129883,7931.100098,8129.970215,8129.970215,6122189824
2018-02-12,8141.430176,8985.919922,8141.430176,8926.570313,8926.570313,6256439808
2018-02-13,8926.719727,8958.469727,8455.410156,8598.309570,8598.309570,5696719872
2018-02-14,8599.919922,9518.540039,8599.919922,9494.629883,9494.629883,7909819904
2018-02-15,9488.320313,10234.799805,9395.580078,10166.400391,10166.400391,9062540288
2018-02-16,10135.700195,10324.099609,9824.820313,10233.900391,10233.900391,7296159744
2018-02-17,10207.500000,11139.500000,10149.400391,11112.700195,11112.700195,8660880384
2018-02-18,11123.400391,11349.799805,10326.000000,10551.799805,10551.799805,8744009728
2018-02-19,10552.599609,11273.799805,10513.200195,11225.299805,11225.299805,7652089856
2018-02-20,11231.799805,11958.500000,11231.799805,11403.700195,11403.700195,9926540288
2018-02-21,11372.200195,11418.500000,10479.099609,10690.400391,10690.400391,9405339648
2018-02-22,10660.400391,11039.099609,9939.089844,10005.000000,10005.000000,8040079872
2018-02-23,9937.070313,10487.299805,9734.559570,10301.099609,10301.099609,7739500032
2018-02-24,10287.700195,10597.200195,9546.969727,9813.070313,9813.070313,6917929984
2018-02-25,9796.419922,9923.219727,9407.059570,9664.730469,9664.730469,5706939904
2018-02-26,9669.429688,10475.000000,9501.730469,10366.700195,10366.700195,7287690240
2018-02-27,10393.900391,10878.500000,10246.099609,10725.599609,10725.599609,6966179840
2018-02-28,10687.200195,11089.799805,10393.099609,10397.900391,10397.900391,6936189952
2018-03-01,10385.000000,11052.299805,10352.700195,10951.000000,10951.000000,7317279744
2018-03-02,10977.400391,11189.000000,10850.099609,11086.400391,11086.400391,7620590080
2018-03-03,11101.900391,11528.200195,11002.400391,11489.700195,11489.700195,6690570240
2018-03-04,11497.400391,11512.599609,11136.099609,11512.599609,11512.599609,6084149760
2018-03-05,11532.400391,11704.099609,11443.900391,11573.299805,11573.299805,6468539904
2018-03-06,11500.099609,11500.099609,10694.299805,10779.900391,10779.900391,6832169984
2018-03-07,10803.900391,10929.500000,9692.120117,9965.570313,9965.570313,8797910016
2018-03-08,9951.440430,10147.400391,9335.870117,9395.009766,9395.009766,7186089984
2018-03-09,9414.690430,9466.349609,8513.030273,9337.549805,9337.549805,8704190464
2018-03-10,9350.589844,9531.320313,8828.469727,8866.000000,8866.000000,5386319872
2018-03-11,8852.780273,9711.889648,8607.120117,9578.629883,9578.629883,6296370176
2018-03-12,9602.929688,9937.500000,8956.429688,9205.120117,9205.120117,6457399808
2018-03-13,9173.040039,9470.379883,8958.190430,9194.849609,9194.849609,5991139840
2018-03-14,9214.650391,9355.849609,8068.589844,8269.809570,8269.809570,6438230016
2018-03-15,8290.759766,8428.349609,7783.049805,8300.860352,8300.860352,6834429952
2018-03-16,8322.910156,8585.150391,8005.310059,8338.349609,8338.349609,5289379840
2018-03-17,8321.910156,8346.530273,7812.819824,7916.879883,7916.879883,4426149888
2018-03-18,7890.520020,8245.509766,7397.990234,8223.679688,8223.679688,6639190016
2018-03-19,8344.120117,8675.870117,8182.399902,8630.650391,8630.650391,6729110016
2018-03-20,8619.669922,9051.019531,8389.889648,8913.469727,8913.469727,6361789952
2018-03-21,8937.480469,9177.370117,8846.330078,8929.280273,8929.280273,6043129856
2018-03-22,8939.440430,9100.709961,8564.900391,8728.469727,8728.469727,5530390016
2018-03-23,8736.250000,8879.620117,8360.620117,8879.620117,8879.620117,5954120192
2018-03-24,8901.950195,8996.179688,8665.700195,8668.120117,8668.120117,5664600064
2018-03-25,8612.809570,8682.009766,8449.099609,8495.780273,8495.780273,4569880064
2018-03-26,8498.469727,8530.080078,7921.430176,8209.400391,8209.400391,5921039872
2018-03-27,8200.000000,8232.780273,7797.279785,7833.040039,7833.040039,5378250240
2018-03-28,7836.830078,8122.890137,7809.169922,7954.479980,7954.479980,4935289856
2018-03-29,7979.069824,7994.330078,7081.379883,7165.700195,7165.700195,6361229824
2018-03-30,7171.450195,7276.660156,6683.930176,6890.520020,6890.520020,6289509888
2018-03-31,6892.479980,7207.850098,6863.520020,6973.529785,6973.529785,4553269760
2018-04-01,7003.060059,7060.950195,6526.870117,6844.229980,6844.229980,4532100096
2018-04-02,6844.859863,7135.470215,6816.580078,7083.799805,7083.799805,4333440000
2018-04-03,7102.259766,7530.939941,7072.490234,7456.109863,7456.109863,5499700224
2018-04-04,7456.410156,7469.879883,6803.879883,6853.839844,6853.839844,4936000000
2018-04-05,6848.649902,6933.819824,6644.799805,6811.470215,6811.470215,5639320064
2018-04-06,6815.959961,6857.490234,6575.000000,6636.319824,6636.319824,3766810112
2018-04-07,6630.509766,7050.540039,6630.509766,6911.089844,6911.089844,3976610048
2018-04-08,6919.979980,7111.560059,6919.979980,7023.520020,7023.520020,3652499968
2018-04-09,7044.319824,7178.109863,6661.990234,6770.729980,6770.729980,4894060032
2018-04-10,6795.439941,6872.410156,6704.149902,6834.759766,6834.759766,4272750080
2018-04-11,6843.470215,6968.319824,6817.589844,6968.319824,6968.319824,4641889792
2018-04-12,6955.379883,7899.229980,6806.509766,7889.250000,7889.250000,8906250240
2018-04-13,7901.089844,8183.959961,7758.930176,7895.959961,7895.959961,7764460032
2018-04-14,7874.669922,8140.709961,7846.000000,7986.240234,7986.240234,5191430144
2018-04-15,7999.330078,8338.419922,7999.330078,8329.110352,8329.110352,5244480000
2018-04-16,8337.570313,8371.150391,7925.729980,8058.669922,8058.669922,5631309824
2018-04-17,8071.660156,8285.959961,7881.720215,7902.089844,7902.089844,6900879872
2018-04-18,7944.430176,8197.799805,7886.009766,8163.419922,8163.419922,6529909760
2018-04-19,8159.270020,8298.690430,8138.779785,8294.309570,8294.309570,7063209984
2018-04-20,8286.879883,8880.230469,8244.540039,8845.830078,8845.830078,8438110208
2018-04-21,8848.790039,8997.570313,8652.150391,8895.580078,8895.580078,7548550144
2018-04-22,8925.059570,9001.639648,8779.610352,8802.459961,8802.459961,6629899776
2018-04-23,8794.389648,8958.549805,8788.809570,8930.879883,8930.879883,6925190144
2018-04-24,8934.339844,9732.610352,8927.830078,9697.500000,9697.500000,10678800384
2018-04-25,9701.030273,9745.320313,8799.839844,8845.740234,8845.740234,11083100160
2018-04-26,8867.320313,9281.509766,8727.089844,9281.509766,9281.509766,8970559488
2018-04-27,9290.629883,9375.469727,8987.049805,8987.049805,8987.049805,7566289920
2018-04-28,8939.269531,9412.089844,8931.990234,9348.480469,9348.480469,7805479936
2018-04-29,9346.410156,9531.490234,9193.709961,9419.080078,9419.080078,8853000192
2018-04-30,9426.110352,9477.139648,9166.809570,9240.549805,9240.549805,8673920000
2018-05-01,9251.469727,9255.879883,8891.049805,9119.009766,9119.009766,7713019904
2018-05-02,9104.599609,9256.519531,9015.139648,9235.919922,9235.919922,7558159872
2018-05-03,9233.969727,9798.330078,9188.150391,9743.860352,9743.860352,10207299584
2018-05-04,9695.500000,9779.200195,9585.959961,9700.759766,9700.759766,8217829888
2018-05-05,9700.280273,9964.500000,9695.120117,9858.150391,9858.150391,7651939840
2018-05-06,9845.309570,9940.139648,9465.250000,9654.799805,9654.799805,7222280192
2018-05-07,9645.669922,9665.849609,9231.530273,9373.009766,9373.009766,7394019840
2018-05-08,9380.870117,9462.750000,9127.769531,9234.820313,9234.820313,7415869952
2018-05-09,9223.730469,9374.759766,9031.620117,9325.179688,9325.179688,7226890240
2018-05-10,9325.959961,9396.040039,9040.519531,9043.940430,9043.940430,6906699776
2018-05-11,9052.959961,9052.959961,8394.459961,8441.490234,8441.490234,8488520192
2018-05-12,8441.440430,8664.860352,8223.500000,8504.889648,8504.889648,6821380096
2018-05-13,8515.490234,8773.549805,8395.120117,8723.940430,8723.940430,5866379776
2018-05-14,8713.099609,8881.120117,8367.969727,8716.790039,8716.790039,7364149760
2018-05-15,8705.190430,8836.190430,8456.450195,8510.379883,8510.379883,6705710080
2018-05-16,8504.410156,8508.429688,8175.490234,8368.830078,8368.830078,6760220160
2018-05-17,8370.049805,8445.540039,8054.120117,8094.319824,8094.319824,5862530048
2018-05-18,8091.830078,8274.120117,7974.819824,8250.969727,8250.969727,5764190208
2018-05-19,8255.730469,8372.059570,8183.350098,8247.179688,8247.179688,4712399872
2018-05-20,8246.990234,8562.410156,8205.240234,8513.250000,8513.250000,5191059968
2018-05-21,8522.330078,8557.519531,8365.120117,8418.990234,8418.990234,5154990080
2018-05-22,8419.870117,8423.250000,8004.580078,8041.779785,8041.779785,5137010176
2018-05-23,8037.080078,8054.660156,7507.879883,7557.819824,7557.819824,6491120128
2018-05-24,7561.120117,7738.600098,7331.140137,7587.339844,7587.339844,6049220096
2018-05-25,7592.299805,7659.140137,7392.649902,7480.140137,7480.140137,4867829760
2018-05-26,7486.479980,7595.160156,7349.120117,7355.879883,7355.879883,4051539968
2018-05-27,7362.080078,7381.740234,7270.959961,7368.220215,7368.220215,4056519936
2018-05-28,7371.310059,7419.049805,7100.890137,7135.990234,7135.990234,5040600064
2018-05-29,7129.459961,7526.419922,7090.680176,7472.589844,7472.589844,5662660096
2018-05-30,7469.729980,7573.770020,7313.600098,7406.520020,7406.520020,4922540032
2018-05-31,7406.149902,7608.899902,7361.129883,7494.169922,7494.169922,5127130112
2018-06-01,7500.700195,7604.729980,7407.339844,7541.450195,7541.450195,4921460224
2018-06-02,7536.720215,7695.830078,7497.259766,7643.450195,7643.450195,4939299840
2018-06-03,7632.089844,7754.890137,7613.040039,7720.250000,7720.250000,4851760128
2018-06-04,7722.529785,7753.819824,7474.040039,7514.470215,7514.470215,4993169920
2018-06-05,7500.899902,7643.229980,7397.000000,7633.759766,7633.759766,4961739776
2018-06-06,7625.970215,7680.430176,7502.009766,7653.979980,7653.979980,4692259840
2018-06-07,7650.819824,7741.270020,7650.819824,7678.240234,7678.240234,4485799936
2018-06-08,7685.140137,7698.189941,7558.399902,7624.919922,7624.919922,4227579904
2018-06-09,7632.520020,7683.580078,7531.979980,7531.979980,7531.979980,3845220096
2018-06-10,7499.549805,7499.549805,6709.069824,6786.020020,6786.020020,5804839936
2018-06-11,6799.290039,6910.180176,6706.629883,6906.919922,6906.919922,4745269760
2018-06-12,6905.819824,6907.959961,6542.080078,6582.359863,6582.359863,4654380032
2018-06-13,6596.879883,6631.660156,6285.629883,6349.899902,6349.899902,5052349952
2018-06-14,6342.750000,6707.140137,6334.459961,6675.350098,6675.350098,5138710016
2018-06-15,6674.080078,6681.080078,6433.870117,6456.580078,6456.580078,3955389952
2018-06-16,6455.450195,6592.490234,6402.290039,6550.160156,6550.160156,3194170112
2018-06-17,6545.529785,6589.109863,6499.270020,6499.270020,6499.270020,3104019968
2018-06-18,6510.069824,6781.140137,6446.680176,6734.819824,6734.819824,4039200000
2018-06-19,6742.390137,6822.500000,6709.919922,6769.939941,6769.939941,4057029888
2018-06-20,6770.759766,6821.560059,6611.879883,6776.549805,6776.549805,3888640000
2018-06-21,6780.089844,6810.939941,6715.169922,6729.740234,6729.740234,3529129984
2018-06-22,6737.879883,6747.080078,6006.600098,6083.689941,6083.689941,5079810048
2018-06-23,6090.100098,6224.819824,6071.810059,6162.479980,6162.479980,3431360000
2018-06-24,6164.279785,6223.779785,5826.410156,6173.229980,6173.229980,4566909952
2018-06-25,6171.970215,6327.370117,6119.680176,6249.180176,6249.180176,5500810240
2018-06-26,6253.549805,6290.160156,6093.669922,6093.669922,6093.669922,3279759872
2018-06-27,6084.399902,6180.000000,6052.850098,6157.129883,6157.129883,3296219904
2018-06-28,6153.160156,6170.410156,5873.049805,5903.439941,5903.439941,3467800064
2018-06-29,5898.129883,6261.660156,5835.750000,6218.299805,6218.299805,3966230016
2018-06-30,6214.220215,6465.509766,6214.220215,6404.000000,6404.000000,4543860224
2018-07-01,6411.680176,6432.850098,6289.290039,6385.819824,6385.819824,4788259840
2018-07-02,6380.379883,6683.859863,6305.700195,6614.180176,6614.180176,4396930048
2018-07-03,6596.660156,6671.370117,6447.750000,6529.589844,6529.589844,4672309760
2018-07-04,6550.870117,6771.919922,6450.459961,6597.549805,6597.549805,4176689920
2018-07-05,6599.709961,6749.540039,6546.649902,6639.140137,6639.140137,4999240192
2018-07-06,6638.689941,6700.939941,6533.549805,6673.500000,6673.500000,4313959936
2018-07-07,6668.709961,6863.990234,6579.240234,6856.930176,6856.930176,3961080064
2018-07-08,6857.799805,6885.910156,6747.979980,6773.879883,6773.879883,3386210048
2018-07-09,6775.080078,6838.680176,6724.339844,6741.750000,6741.750000,3718129920
2018-07-10,6739.209961,6767.740234,6320.720215,6329.950195,6329.950195,4052430080
2018-07-11,6330.770020,6444.959961,6330.470215,6394.709961,6394.709961,3644859904
2018-07-12,6396.779785,6397.100098,6136.419922,6228.810059,6228.810059,3770170112
2018-07-13,6235.029785,6310.549805,6192.240234,6238.049805,6238.049805,3805400064
2018-07-14,6247.500000,6298.189941,6212.220215,6276.120117,6276.120117,2923670016
2018-07-15,6272.700195,6403.459961,6256.509766,6359.640137,6359.640137,3285459968
2018-07-16,6357.009766,6741.750000,6357.009766,6741.750000,6741.750000,4725799936
2018-07-17,6739.649902,7387.240234,6684.169922,7321.040039,7321.040039,5961950208
2018-07-18,7315.319824,7534.990234,7280.470215,7370.779785,7370.779785,6103410176
2018-07-19,7378.200195,7494.459961,7295.459961,7466.859863,7466.859863,5111629824
2018-07-20,7467.399902,7594.669922,7323.259766,7354.129883,7354.129883,4936869888
2018-07-21,7352.720215,7437.640137,7262.410156,7419.290039,7419.290039,3726609920
2018-07-22,7417.799805,7537.950195,7383.819824,7418.490234,7418.490234,3695460096
2018-07-23,7414.709961,7771.500000,7409.100098,7711.109863,7711.109863,5132480000
2018-07-24,7716.509766,8424.269531,7705.500000,8424.269531,8424.269531,7277689856
2018-07-25,8379.660156,8416.870117,8086.359863,8181.390137,8181.390137,5845400064
2018-07-26,8176.850098,8290.330078,7878.709961,7951.580078,7951.580078,4899089920
2018-07-27,7950.399902,8262.660156,7839.759766,8165.009766,8165.009766,5195879936
2018-07-28,8169.060059,8222.849609,8110.770020,8192.150391,8192.150391,3988750080
2018-07-29,8205.820313,8272.259766,8141.180176,8218.459961,8218.459961,4107190016
2018-07-30,8221.580078,8235.500000,7917.500000,8180.479980,8180.479980,5551400000
2018-07-31,8181.200195,8181.529785,7696.930176,7780.439941,7780.439941,5287530000
2018-08-01,7769.040039,7769.040039,7504.950195,7624.910156,7624.910156,4797620000
2018-08-02,7634.189941,7712.770020,7523.439941,7567.149902,7567.149902,4214110000
2018-08-03,7562.140137,7562.140137,7328.649902,7434.390137,7434.390137,4627150000
2018-08-04,7438.669922,7497.490234,6984.069824,7032.850098,7032.850098,4268390000
2018-08-05,7031.080078,7102.770020,6940.700195,7068.479980,7068.479980,3679110000
2018-08-06,7062.939941,7166.549805,6890.540039,6951.799805,6951.799805,3925900000
2018-08-07,6958.319824,7146.560059,6748.240234,6753.120117,6753.120117,4682800000
2018-08-08,6746.850098,6746.850098,6226.220215,6305.799805,6305.799805,5064430000
2018-08-09,6305.560059,6625.729980,6249.069824,6568.229980,6568.229980,4267040000
2018-08-10,6571.419922,6591.259766,6124.520020,6184.709961,6184.709961,4528680000
2018-08-11,6185.790039,6455.740234,6109.029785,6295.729980,6295.729980,4047850000
2018-08-12,6283.649902,6409.850098,6237.500000,6322.689941,6322.689941,5665250000
2018-08-13,6341.359863,6537.049805,6225.720215,6297.569824,6297.569824,4083980000
2018-08-14,6287.660156,6287.939941,5971.049805,6199.709961,6199.709961,5301700000
2018-08-15,6221.419922,6588.490234,6221.419922,6308.520020,6308.520020,4895450000
2018-08-16,6294.229980,6473.500000,6276.410156,6334.729980,6334.729980,4328420000
2018-08-17,6340.910156,6582.500000,6324.970215,6580.629883,6580.629883,4992990000
2018-08-18,6583.430176,6617.350098,6353.729980,6423.759766,6423.759766,3984520000
2018-08-19,6422.569824,6537.979980,6361.549805,6506.069824,6506.069824,3311170000
2018-08-20,6500.509766,6536.919922,6297.930176,6308.529785,6308.529785,3665100000
2018-08-21,6301.069824,6500.870117,6298.240234,6488.759766,6488.759766,3377180000
2018-08-22,6486.250000,6816.790039,6310.109863,6376.709961,6376.709961,4668110000
2018-08-23,6371.339844,6546.540039,6371.339844,6534.879883,6534.879883,3426180000
2018-08-24,6551.520020,6719.959961,6498.640137,6719.959961,6719.959961,4097820000
2018-08-25,6719.950195,6789.629883,6700.959961,6763.189941,6763.189941,3312600000
2018-08-26,6754.640137,6774.750000,6620.750000,6707.259766,6707.259766,3295500000
2018-08-27,6710.799805,6884.640137,6689.709961,6884.640137,6884.640137,4019000000
2018-08-28,6891.080078,7109.560059,6882.339844,7096.279785,7096.279785,4659940000
2018-08-29,7091.709961,7113.299805,6970.819824,7047.160156,7047.160156,4145880000
2018-08-30,7043.759766,7072.689941,6834.689941,6978.229980,6978.229980,4463250000
2018-08-31,6973.970215,7057.169922,6920.160156,7037.580078,7037.580078,4495650000
2018-09-01,7044.810059,7242.290039,7038.049805,7193.250000,7193.250000,4116050000
2018-09-02,7189.580078,7306.310059,7132.160156,7272.720215,7272.720215,4329540000
2018-09-03,7279.029785,7317.939941,7208.149902,7260.060059,7260.060059,4087760000
2018-09-04,7263.000000,7388.259766,7255.439941,7361.660156,7361.660156,4273640000
2018-09-05,7361.459961,7388.430176,6792.830078,6792.830078,6792.830078,5800460000
2018-09-06,6755.140137,6755.140137,6404.720215,6529.169922,6529.169922,5523470000
2018-09-07,6528.919922,6555.290039,6396.870117,6467.069824,6467.069824,4264680000
2018-09-08,6460.169922,6534.250000,6197.520020,6225.979980,6225.979980,3835060000
2018-09-09,6223.379883,6446.259766,6201.220215,6300.859863,6300.859863,3671890000
2018-09-10,6301.569824,6374.979980,6292.759766,6329.700195,6329.700195,3714100000
2018-09-11,6331.879883,6398.919922,6260.209961,6321.200195,6321.200195,3849910000
2018-09-12,6317.009766,6363.870117,6265.089844,6351.799805,6351.799805,4064230000
2018-09-13,6354.240234,6535.410156,6354.240234,6517.310059,6517.310059,4210910000
2018-09-14,6515.410156,6596.100098,6456.169922,6512.709961,6512.709961,4076220000
2018-09-15,6509.399902,6561.720215,6493.549805,6543.200195,6543.200195,3216300000
2018-09-16,6536.680176,6544.330078,6460.100098,6517.180176,6517.180176,3273730000
2018-09-17,6514.060059,6540.209961,6257.520020,6281.200195,6281.200195,3910780000
2018-09-18,6280.910156,6384.180176,6265.709961,6371.299805,6371.299805,4180090000
2018-09-19,6371.850098,6448.459961,6208.339844,6398.540039,6398.540039,4431340000
2018-09-20,6398.850098,6529.259766,6395.950195,6519.669922,6519.669922,4348110000
2018-09-21,6513.870117,6794.330078,6496.359863,6734.950195,6734.950195,6531940000
2018-09-22,6735.049805,6814.560059,6616.799805,6721.979980,6721.979980,4509660000
2018-09-23,6715.319824,6766.149902,6679.419922,6710.629883,6710.629883,4197500000
2018-09-24,6704.770020,6713.560059,6580.899902,6595.410156,6595.410156,4177310000
2018-09-25,6603.640137,6603.640137,6381.859863,6446.470215,6446.470215,4726180000
2018-09-26,6452.790039,6585.910156,6397.890137,6495.000000,6495.000000,4437300000
2018-09-27,6495.290039,6712.100098,6464.950195,6676.750000,6676.750000,4606810000
2018-09-28,6678.750000,6785.029785,6598.319824,6644.129883,6644.129883,5014430000
2018-09-29,6643.100098,6643.100098,6511.649902,6601.959961,6601.959961,4363690000
2018-09-30,6604.709961,6643.779785,6566.540039,6625.560059,6625.560059,4002280000
2018-10-01,6619.850098,6653.299805,6549.080078,6589.620117,6589.620117,4000970000
2018-10-02,6593.240234,6611.839844,6537.899902,6556.100098,6556.100098,3979260000
2018-10-03,6553.859863,6571.459961,6454.029785,6502.589844,6502.589844,3887310000
2018-10-04,6497.910156,6603.310059,6497.910156,6576.689941,6576.689941,3838410000
2018-10-05,6574.149902,6623.620117,6557.410156,6622.479980,6622.479980,3671500000
2018-10-06,6622.450195,6628.540039,6577.799805,6588.310059,6588.310059,3259740000
2018-10-07,6590.680176,6641.490234,6557.040039,6602.950195,6602.950195,3306630000
2018-10-08,6600.189941,6675.060059,6576.040039,6652.229980,6652.229980,3979460000
2018-10-09,6653.080078,6661.410156,6606.939941,6642.640137,6642.640137,3580810000
2018-10-10,6640.290039,6640.290039,6538.959961,6585.529785,6585.529785,3787650000
2018-10-11,6586.740234,6586.740234,6243.740234,6256.240234,6256.240234,5181640000
2018-10-12,6239.250000,6328.500000,6236.470215,6274.580078,6274.580078,3783500000
2018-10-13,6278.080078,6308.509766,6259.810059,6285.990234,6285.990234,3064030000
2018-10-14,6288.490234,6363.209961,6280.149902,6290.930176,6290.930176,3085320000
2018-10-15,6292.640137,6965.060059,6258.680176,6596.540039,6596.540039,7370770000
2018-10-16,6601.410156,6673.589844,6571.370117,6596.109863,6596.109863,4074800000
2018-10-17,6590.520020,6601.209961,6517.450195,6544.430176,6544.430176,4088420000
2018-10-18,6542.330078,6567.540039,6450.040039,6476.709961,6476.709961,3924080000
2018-10-19,6478.069824,6493.680176,6445.310059,6465.410156,6465.410156,3578870000
2018-10-20,6460.919922,6497.720215,6449.000000,6489.189941,6489.189941,3379130000
2018-10-21,6490.089844,6556.379883,6476.000000,6482.350098,6482.350098,3253610000
2018-10-22,6486.049805,6543.799805,6462.979980,6487.160156,6487.160156,3672860000
2018-10-23,6472.359863,6506.009766,6451.270020,6475.740234,6475.740234,3716150000
2018-10-24,6478.890137,6521.990234,6468.859863,6495.839844,6495.839844,3424670000
2018-10-25,6484.649902,6504.649902,6447.029785,6476.290039,6476.290039,3230550000
2018-10-26,6468.439941,6498.290039,6449.609863,6474.750000,6474.750000,3306050000
2018-10-27,6480.839844,6507.410156,6453.529785,6480.379883,6480.379883,3393250000
2018-10-28,6482.660156,6502.279785,6447.910156,6486.390137,6486.390137,3445190000
2018-10-29,6492.350098,6503.600098,6306.990234,6332.629883,6332.629883,4199910000
2018-10-30,6337.040039,6364.990234,6310.140137,6334.270020,6334.270020,3781100000
2018-10-31,6336.990234,6349.160156,6316.879883,6317.609863,6317.609863,4191240000
2018-11-01,6318.140137,6547.140137,6311.830078,6377.779785,6377.779785,3789400000
2018-11-02,6378.919922,6396.859863,6327.379883,6388.439941,6388.439941,4234870000
2018-11-03,6387.240234,6400.069824,6342.370117,6361.259766,6361.259766,3658640000
2018-11-04,6365.470215,6388.629883,6294.569824,6376.129883,6376.129883,4390020000
2018-11-05,6363.620117,6480.589844,6363.620117,6419.660156,6419.660156,4174800000
2018-11-06,6433.379883,6463.549805,6408.160156,6461.009766,6461.009766,4700040000
2018-11-07,6468.500000,6552.160156,6468.310059,6530.140137,6530.140137,4941260000
2018-11-08,6522.270020,6536.919922,6438.529785,6453.720215,6453.720215,4665260000
2018-11-09,6442.600098,6456.459961,6373.370117,6385.620117,6385.620117,4346820000
2018-11-10,6386.129883,6437.279785,6385.310059,6409.220215,6409.220215,3705320000
2018-11-11,6413.629883,6423.250000,6350.169922,6411.270020,6411.270020,3939060000
2018-11-12,6411.759766,6434.209961,6360.470215,6371.270020,6371.270020,4295770000
2018-11-13,6373.189941,6395.270020,6342.669922,6359.490234,6359.490234,4503800000
2018-11-14,6351.240234,6371.549805,5544.089844,5738.350098,5738.350098,7398940000
2018-11-15,5736.149902,5774.819824,5358.379883,5648.029785,5648.029785,7032140000
2018-11-16,5645.319824,5657.020020,5498.939941,5575.549805,5575.549805,5279320000
2018-11-17,5578.580078,5578.580078,5519.560059,5554.330078,5554.330078,4303150000
2018-11-18,5559.740234,5653.609863,5559.740234,5623.540039,5623.540039,4159680000
2018-11-19,5620.779785,5620.779785,4842.910156,4871.490234,4871.490234,7039560000
2018-11-20,4863.930176,4951.609863,4272.109863,4451.870117,4451.870117,8428290000
2018-11-21,4465.540039,4675.729980,4343.979980,4602.169922,4602.169922,6120120000
2018-11-22,4611.569824,4629.640137,4365.640137,4365.939941,4365.939941,4569370000
2018-11-23,4360.700195,4396.419922,4195.680176,4347.109863,4347.109863,4871490000
2018-11-24,4347.689941,4413.089844,3795.159912,3880.760010,3880.760010,4679500000
2018-11-25,3880.780029,4120.870117,3585.060059,4009.969971,4009.969971,6825640000
2018-11-26,4015.070068,4107.140137,3643.919922,3779.129883,3779.129883,6476900000
2018-11-27,3765.949951,3862.959961,3661.010010,3820.719971,3820.719971,5998720000
2018-11-28,3822.469971,4385.899902,3822.469971,4257.419922,4257.419922,7280280000
2018-11-29,4269.004395,4413.020508,4145.765137,4278.846680,4278.846680,6503347767
2018-11-30,4289.088867,4322.976563,3942.822021,4017.268555,4017.268555,6048016716
2018-12-01,4024.464355,4309.377441,3969.710693,4214.671875,4214.671875,5375314093
2018-12-02,4200.733398,4301.519531,4110.978516,4139.877930,4139.877930,5262697895
2018-12-03,4147.323730,4155.979492,3840.446289,3894.130859,3894.130859,5089570993
2018-12-04,3886.294922,4075.627686,3832.750000,3956.893799,3956.893799,5028069239
2018-12-05,3958.894775,3969.535889,3753.994873,3753.994873,3753.994873,5302481573
2018-12-06,3754.074463,3874.966064,3521.101807,3521.101807,3521.101807,5878333109
2018-12-07,3512.590332,3512.590332,3280.228760,3419.937256,3419.937256,6835615448
2018-12-08,3421.910400,3506.043457,3350.650635,3476.114746,3476.114746,5305024497
2018-12-09,3473.227539,3685.305664,3469.094238,3614.234375,3614.234375,4947372847
2018-12-10,3612.046387,3647.332520,3470.144531,3502.656006,3502.656006,5020968740
2018-12-11,3497.554688,3513.185059,3392.250000,3424.588135,3424.588135,4696765187
2018-12-12,3421.458252,3534.228516,3413.481445,3486.950195,3486.950195,4139364828
2018-12-13,3487.879395,3489.739502,3298.132080,3313.677246,3313.677246,4343372456
2018-12-14,3311.751953,3329.555908,3206.542236,3242.484863,3242.484863,4372763663
2018-12-15,3243.997559,3275.377930,3191.303467,3236.761719,3236.761719,3551763561
2018-12-16,3236.274658,3305.753174,3233.819824,3252.839111,3252.839111,3744248994
2018-12-17,3253.123047,3597.917969,3253.123047,3545.864746,3545.864746,5409247918
2018-12-18,3544.761475,3701.349365,3487.169189,3696.059082,3696.059082,5911325472
2018-12-19,3706.824951,3949.322998,3687.229980,3745.950684,3745.950684,6810689118
2018-12-20,3742.195068,4191.228516,3728.974609,4134.441406,4134.441406,8927129279
2018-12-21,4133.703613,4198.429688,3850.946289,3896.543701,3896.543701,7206015706
2018-12-22,3898.083740,4014.182617,3855.739014,4014.182617,4014.182617,5605823232
2018-12-23,4020.994629,4085.723633,3976.405762,3998.980225,3998.980225,6151275489
2018-12-24,4000.331787,4271.792480,4000.331787,4078.599121,4078.599121,7240968501
2018-12-25,4081.030518,4089.561523,3760.020508,3815.490723,3815.490723,6158207293
2018-12-26,3819.666748,3893.359619,3769.863770,3857.297607,3857.297607,5326547918
2018-12-27,3854.688477,3874.416992,3645.448486,3654.833496,3654.833496,5130222366
2018-12-28,3653.131836,3956.135986,3642.632080,3923.918701,3923.918701,5631554348
2018-12-29,3932.491699,3963.758789,3820.408691,3820.408691,3820.408691,4991655917
2018-12-30,3822.384766,3901.908936,3797.219238,3865.952637,3865.952637,4770578574
2018-12-31,3866.839111,3868.742920,3725.867432,3742.700439,3742.700439,4661840806
